epoch,loss,accuracy,precision,recall,val_loss
0,0.8787524104118347,0.6556826243797939,0.8168579638004303,1.0,0.3077711597084999
