epoch,loss,accuracy,precision,recall,val_loss
0,0.8616357982158661,0.6644194881121318,0.8151066422462463,1.0,0.3800885205467542
