{"loss":{"0":0.8616357982},"accuracy":{"0":0.6644194881},"precision":{"0":0.8151066422},"recall":{"0":1.0},"val_loss":{"0":0.3800885205}}