{"loss":{"0":0.939894406},"accuracy":{"0":0.6279343297},"precision":{"0":0.7711769025},"recall":{"0":1.0},"val_loss":{"0":1.7684760769}}