{"loss":{"0":0.9472192963},"accuracy":{"0":0.6254864395},"precision":{"0":0.768780913},"recall":{"0":1.0},"val_loss":{"0":1.7767230074}}