{"loss":{"0":0.8787524104},"accuracy":{"0":0.6556826244},"precision":{"0":0.8168579638},"recall":{"0":1.0},"val_loss":{"0":0.3077711597}}