{"loss":{"0":0.9167102973},"accuracy":{"0":0.6383232683},"precision":{"0":0.776481545},"recall":{"0":1.0},"val_loss":{"0":1.794049712}}